sample_id,profile_hint,image_id,image_title,response_text,valid,risk_score,risk_level,critical_flags_count,warning_flags_count,red_flag_types,word_count,sentiment_compound,sentiment_positive,sentiment_negative,liwc_positive_emotion,liwc_negative_emotion,liwc_anxiety,liwc_hopelessness,liwc_death,liwc_isolation,liwc_social,pronoun_i_percentage,pronoun_we_percentage,temporal_future_count,temporal_has_future_orientation,temporal_has_negative_future
s2v2_0001,LOW,image_1,Bonds of the Web,"This picture reminds me of balance, and I can manage stress by talking with family and staying active.",True,26,LOW,0,0,,14.66070349213434,0.04206596459841071,11.986711473403876,14.376393564909343,0.0,0.0001757050165974521,5.624273347917806,0.29879973224399525,0.15772948686793165,0.03655740954376187,8.785598909269874,20.245765178566923,0.0,0.08972990734298399,False,False
s2v2_0002,MODERATE,image_2,Shattered Ascent,"This scene feels tense, and I overthink the future, but I still hope to get better with help.",True,8,LOW,0,0,,10.130524546383434,0.6055114857590871,32.0229410166918,3.7025420596146867,6.696389723296822,0.0,4.300900637735324,0.0,0.37708658592943606,0.0,0.12546252979265707,9.429136436279954,0.0,2.098576507405298,True,False
s2v2_0003,HIGH,image_3,Ancestral Embrace,"I relate to fear and emotional pain here, and I feel powerless, defeated, and stuck every day.",True,100,HIGH,1,0,severe_hopelessness,19.930859513561035,-1.0,8.600550041509916,23.799115768579306,0.1438511609725397,5.866119712838013,0.0,8.862959442030984,0.0,0.0,0.22817016092381243,18.789866449536067,0.136121259099048,0.30879231565672444,False,False
s2v2_0004,LOW,image_3,Ancestral Embrace,"This picture reminds me of balance, and I can manage stress by talking with family and staying active.",True,26,LOW,0,0,,15.848037097681267,0.7949588896119775,9.186725219062083,16.41446689588313,0.16122898184709256,0.12566508441078478,5.854253735477288,0.3180419615271914,0.03547174913703943,0.0,7.436620517170379,12.523472047061912,0.0,0.0,False,False
s2v2_0005,MODERATE,image_2,Shattered Ascent,"I see conflict in this picture, and I feel lonely sometimes though I am trying to cope and improve.",True,52,MODERATE,0,0,,30.840422436934617,-0.3052870098769974,13.773510244731082,11.180100718868417,0.06797589017468432,0.22486193802608995,0.0,0.0,0.008946026363205474,4.64900677163941,0.0,22.937380223818398,0.0,0.19237372417108312,False,False
s2v2_0006,HIGH,image_1,Bonds of the Web,"This image feels overwhelming and dark, and I feel hopeless, isolated, and unable to see any future.",True,54,MODERATE,0,1,moderate_hopelessness,23.476201228947264,-0.3083364080816778,0.03146773705415871,26.94032663251189,0.13412489952379647,0.0,0.10997098788710256,10.472395571426066,0.06386783746257009,10.606260376657234,0.0,6.047750408173049,0.061262928815901466,0.8647523898273513,True,False
s2v2_0007,LOW,image_3,Ancestral Embrace,"I feel connected and calm when I look at this image, and I think things can improve with support.",True,33,LOW,0,0,,29.121764917992078,0.803960810296389,25.81152789236351,0.11038148992893482,0.0,0.06137890160308021,0.022750083197702192,0.10679205755853381,0.09815384811641749,0.0,0.0,17.54044907156722,0.0,0.026533449343027028,False,False
s2v2_0008,MODERATE,image_2,Shattered Ascent,"This scene feels tense, and I overthink the future, but I still hope to get better with help.",True,8,LOW,0,0,,12.311577663453008,-0.22316368969508837,47.83242885955154,10.38128056692413,5.032103603828848,0.0,5.5769776381680405,0.15313902972097038,0.0,0.24584260573241729,0.33010233006052003,10.459747772951854,0.004198366876436997,3.4818690231377163,True,False
s2v2_0009,HIGH,image_1,Bonds of the Web,"The picture feels empty and distressing, and I feel there is no point and no way out right now.",True,43,MODERATE,0,0,,7.100676277695349,-0.6374102814872223,0.0,51.469275457915316,0.0,0.12668097497929798,0.09984854706067917,0.0,0.06207020303667398,6.488571038696804,0.03522276136973099,5.736999764904223,0.0,0.0,False,False
s2v2_0010,LOW,image_2,Shattered Ascent,I notice hopeful elements in this image and I am planning small goals for the next few months.,True,8,LOW,0,0,,20.32541982184454,0.751434089118787,30.624187567768164,0.22392875943407461,6.667681290995084,0.08341031449201658,0.0,0.09146292444381049,0.0015097636764516839,0.02762828630134488,0.46356906006434084,14.581062855668712,0.23006418036372955,2.2476670972740846,True,False
s2v2_0011,MODERATE,image_2,Shattered Ascent,"This scene feels tense, and I overthink the future, but I still hope to get better with help.",True,8,LOW,0,0,,19.03470660017886,1.0,42.37847249952712,6.721251132304597,5.683596211012502,0.06998795890532537,4.533101021947197,0.0,0.05280819306216259,0.014480432344291236,0.07802552343927116,12.865184110842668,0.12058240984199263,2.0530121765903533,True,False
s2v2_0012,HIGH,image_1,Bonds of the Web,"I relate to fear and emotional pain here, and I feel powerless, defeated, and stuck every day.",True,100,HIGH,1,0,severe_hopelessness,24.555483500362904,-0.5739938514930321,5.472181210372402,60.002748337031356,0.02217129646321175,6.432256305007702,0.17625977625636025,0.7594866757834771,0.22880315195845569,0.0058887371846035805,0.05338305720411027,12.253700478088088,0.3341748045428785,0.17809757204526888,False,False
s2v2_0013,LOW,image_1,Bonds of the Web,"I feel connected and calm when I look at this image, and I think things can improve with support.",True,33,LOW,0,0,,16.125042414245154,1.0,44.75297635074184,0.0,0.275083244087558,0.12483827132011938,0.05949315009917297,0.20793385275667667,0.0010510934831034905,0.09005688614419946,0.0,12.931902241779389,0.20843310980800783,0.14466443043148253,False,False
s2v2_0014,MODERATE,image_2,Shattered Ascent,"This scene feels tense, and I overthink the future, but I still hope to get better with help.",True,8,LOW,0,0,,16.234236359138247,0.867158788800646,41.66190302852068,6.979212434237288,6.4625938857657825,0.11901134548950312,5.18956211519665,0.057353461614279316,0.1494479431981092,0.0,0.0,11.073642428601564,0.02509114867582335,2.138341478527695,True,False
s2v2_0015,HIGH,image_1,Bonds of the Web,"This image feels overwhelming and dark, and I feel hopeless, isolated, and unable to see any future.",True,54,MODERATE,0,1,moderate_hopelessness,24.291286278959895,-0.482386741996922,0.45714164180156636,32.47223975242355,0.0,0.1299914513506722,0.09732746088800476,10.776419631528277,0.0,8.121417834161953,0.0,8.125567613875209,0.0064220865760828486,0.815213164740021,True,False
s2v2_0016,LOW,image_2,Shattered Ascent,I notice hopeful elements in this image and I am planning small goals for the next few months.,True,8,LOW,0,0,,19.941245011214342,0.2747473859813825,19.592485501339908,0.20860401216761149,6.751369210518087,0.062325435423162726,0.0,0.05438226397418712,0.2844786844912494,0.14147093384587278,0.0494916721622219,10.057092775518992,0.11666056003955763,1.826319664736054,True,False
s2v2_0017,MODERATE,image_1,Bonds of the Web,"I see conflict in this picture, and I feel lonely sometimes though I am trying to cope and improve.",True,52,MODERATE,0,0,,14.77992961801078,-0.8686754723474166,14.399374352010948,9.028492042713342,0.0,0.09877073209902323,0.0,0.0,0.41546681844595845,2.8462293195687547,0.2114994953131646,13.093187541374045,0.19172165211755365,0.04365978489068844,False,False
s2v2_0018,HIGH,image_3,Ancestral Embrace,"This image feels overwhelming and dark, and I feel hopeless, isolated, and unable to see any future.",True,54,MODERATE,0,1,moderate_hopelessness,20.085356599933192,-1.0,0.06032000335393968,36.54997531715349,0.023689339124457143,0.018122194065653085,0.10277215231855429,7.267295956390239,0.0,6.318733444422657,0.0,5.565140335669526,0.18733949530424246,0.8092061840753824,True,False
s2v2_0019,LOW,image_1,Bonds of the Web,I notice hopeful elements in this image and I am planning small goals for the next few months.,True,8,LOW,0,0,,24.860721127611793,0.3698046585320302,9.894388804301592,0.0,6.003559376882153,0.0,0.0,0.0,0.0,0.05168636709233391,0.0,11.233521832596955,0.1157965456401987,2.2952713484673066,True,False
s2v2_0020,MODERATE,image_1,Bonds of the Web,"This scene feels tense, and I overthink the future, but I still hope to get better with help.",True,8,LOW,0,0,,22.832808923023382,0.8729606194512711,42.66272687424195,2.413777038398621,4.955643855243176,0.1249380601191697,6.849511670961249,0.0,0.020692384518559793,0.041546018685680586,0.25788647201350323,10.675397293464254,0.3245236097545942,2.084353483296007,True,False
s2v2_0021,HIGH,image_2,Shattered Ascent,"The picture feels empty and distressing, and I feel there is no point and no way out right now.",True,43,MODERATE,0,0,,20.57526728684349,-1.0,0.015866738959056954,24.448686045854366,0.0,0.29096821037188286,0.15126400090168046,0.06759989941235729,0.10128752448351064,5.586198941631219,0.163656865967105,6.530913842092823,0.10207307303913189,0.011388611005443833,False,False
s2v2_0022,LOW,image_3,Ancestral Embrace,I notice hopeful elements in this image and I am planning small goals for the next few months.,True,8,LOW,0,0,,26.361214619845576,0.5577307246381927,9.827265987234208,0.05810213854042728,7.044184304823472,0.0,0.4730298804082985,0.027734135177654513,0.11512897809934637,0.0,0.01399828655815124,11.489843276317178,0.0,1.6197653134800312,True,False
s2v2_0023,MODERATE,image_1,Bonds of the Web,"The image feels heavy and uncertain, and I have been worried and stressed with changing mood lately.",True,54,MODERATE,0,0,,20.536726674665516,-0.9985848036176548,0.059114762296326534,36.923236990970096,0.0,5.363722640250337,12.884943601253546,0.0,0.0,0.0,0.46809060237975697,5.989610495060536,0.08098246953936843,0.0,False,False
s2v2_0024,HIGH,image_1,Bonds of the Web,"I relate to fear and emotional pain here, and I feel powerless, defeated, and stuck every day.",True,100,HIGH,1,0,severe_hopelessness,21.004508076914,-0.6977307744329733,2.3735844204194745,51.291410267609585,0.0,3.5784359785533804,0.0,12.215412668713423,0.07164392279568953,0.0,0.1600899527307159,10.155033142887651,0.12262625264655505,0.0,False,False
s2v2_0025,LOW,image_1,Bonds of the Web,I notice hopeful elements in this image and I am planning small goals for the next few months.,True,8,LOW,0,0,,22.651283578358022,1.0,22.04946544489672,0.0,5.026478318850099,0.34808134070129104,0.0,0.047146268361731025,0.05504757117417595,0.10798374333182126,0.0,10.188934734439135,0.2328948925965214,2.1607049849568796,True,False
s2v2_0026,MODERATE,image_3,Ancestral Embrace,"This scene feels tense, and I overthink the future, but I still hope to get better with help.",True,8,LOW,0,0,,34.727603754481265,1.0,46.98128709717754,7.562692137406297,5.131607058739476,0.43364170308819816,6.977721311817047,0.0,0.0,0.0,0.12168800101163652,9.972300622875334,0.456394081793098,2.422626936068049,True,False
s2v2_0027,HIGH,image_1,Bonds of the Web,"The picture feels empty and distressing, and I feel there is no point and no way out right now.",True,43,MODERATE,0,0,,23.06544695460001,-0.9339650038793945,0.029796661461982257,38.57165064074359,0.0,0.0,0.0,0.04784406113567655,0.0,5.575241360514381,0.0,5.91435704933131,0.0,0.03994533382167935,False,False
s2v2_0028,LOW,image_2,Shattered Ascent,I notice hopeful elements in this image and I am planning small goals for the next few months.,True,8,LOW,0,0,,16.35183995560704,0.4380234445058948,14.56133299349675,0.0,3.7443114423829136,0.0,0.13412601594440382,0.0,0.2580287571794461,0.15748818125871708,0.2564682860020313,11.304815317505023,0.23245750488041772,1.682768279453316,True,False
s2v2_0029,MODERATE,image_2,Shattered Ascent,"This scene feels tense, and I overthink the future, but I still hope to get better with help.",True,8,LOW,0,0,,9.542379498698551,0.9910765312641439,38.951333807822586,6.23774943385913,3.4051023361799055,0.19226910828351676,7.682552961328132,0.0,0.32196128261713536,0.12164338595479846,0.0,11.521701469787775,0.0,2.555592303677571,True,False
s2v2_0030,HIGH,image_3,Ancestral Embrace,"The picture feels empty and distressing, and I feel there is no point and no way out right now.",True,43,MODERATE,0,0,,20.89003150636458,-1.0,0.0,54.32094013208841,0.0,0.05954996070099239,0.0,0.023624934652741885,0.0,6.843124367015712,0.11202556155096073,5.287707036157265,0.006114128230482192,0.07727727454140576,False,False
s2v2_0031,LOW,image_1,Bonds of the Web,"This picture reminds me of balance, and I can manage stress by talking with family and staying active.",True,26,LOW,0,0,,19.481267484707402,-0.6835844778601182,16.237195907294932,11.730137478789874,0.0,0.028731867220511038,3.956832352682397,0.3702907888926098,0.0,0.0,3.2645616305014284,13.728178238535934,0.0,0.3842336216122733,False,False
s2v2_0032,MODERATE,image_1,Bonds of the Web,"The image feels heavy and uncertain, and I have been worried and stressed with changing mood lately.",True,54,MODERATE,0,0,,15.828318642664026,0.7165817710931988,0.0824886178247122,27.74950514458176,0.026627501155110884,6.003469783106835,15.29778871705825,0.0,0.0030936576249118632,0.049694035935320874,0.0,6.493985680445052,0.13808801623348138,0.05331787555319293,False,False
s2v2_0033,HIGH,image_2,Shattered Ascent,"I relate to fear and emotional pain here, and I feel powerless, defeated, and stuck every day.",True,100,HIGH,1,0,severe_hopelessness,27.85325385106378,-1.0,7.286103155414009,61.26922048931096,0.0,4.332412404799271,0.3070528647224109,14.932448861745256,0.03636704236506639,0.0,0.040178381901385125,16.011859970317463,0.0,0.0,False,False
s2v2_0034,LOW,image_3,Ancestral Embrace,"This picture reminds me of balance, and I can manage stress by talking with family and staying active.",True,26,LOW,0,0,,15.548370610928297,-0.1614743417073205,7.186128276603316,9.275898174931285,0.0,0.0,5.0676273561871685,0.18030812737858715,0.0,0.3252898872952166,4.96076473813825,10.929586879298016,0.10661695250325193,0.0,False,False
s2v2_0035,MODERATE,image_1,Bonds of the Web,"The image feels heavy and uncertain, and I have been worried and stressed with changing mood lately.",True,54,MODERATE,0,0,,19.291212281734275,-0.3002792109162399,0.0,34.44640484749259,0.028063353996849973,5.323315616917212,9.671319132266394,0.48755204793428686,0.0,0.1687647845521416,0.03255321104666716,6.628395198406515,0.0,0.0,False,False
s2v2_0036,HIGH,image_2,Shattered Ascent,"I relate to fear and emotional pain here, and I feel powerless, defeated, and stuck every day.",True,100,HIGH,1,0,severe_hopelessness,16.787555615886248,0.8687430425729634,0.727142705761664,50.947973549465814,0.16790568697234587,5.853594826682085,0.0648282059103679,1.6466804760814937,0.0,0.047806578472510075,0.0,8.662208280193902,0.0,0.051852044416516974,False,False
s2v2_0037,LOW,image_2,Shattered Ascent,I notice hopeful elements in this image and I am planning small goals for the next few months.,True,8,LOW,0,0,,21.693139658226713,0.7676662097979646,18.515738427052067,0.05470124418528408,5.406198774516773,0.11749353633876536,0.1391921948344774,0.0,0.1558818988920574,0.0360697000421752,0.0032062325431539505,11.581837123006753,0.0,2.0233773506553,True,False
s2v2_0038,MODERATE,image_2,Shattered Ascent,"This scene feels tense, and I overthink the future, but I still hope to get better with help.",True,8,LOW,0,0,,28.53279828026021,1.0,9.003583873876874,7.09504051407452,3.8544302761283173,0.0,6.109454840887965,0.1567150376683147,0.0,0.08068789721945108,0.0,9.659196671987466,0.4692485215657809,1.2585353389836302,True,False
s2v2_0039,HIGH,image_1,Bonds of the Web,"I relate to fear and emotional pain here, and I feel powerless, defeated, and stuck every day.",True,100,HIGH,1,0,severe_hopelessness,21.64161237805708,-0.7780269566439907,5.322148804931076,61.14774377830094,0.22057557332910283,5.704592044190817,0.0,11.134221315601861,0.0,0.0,0.03045199132311424,7.708395239914695,0.23559726355725052,0.0,False,False
s2v2_0040,LOW,image_2,Shattered Ascent,"This picture reminds me of balance, and I can manage stress by talking with family and staying active.",True,26,LOW,0,0,,19.325958835880154,-0.7406458913766815,10.674520520028812,12.263166628739286,0.0,0.07969302614978761,6.473280144586676,0.1594431093548447,0.4382738145968511,0.12394147398002425,10.70625193331531,10.771953260733644,0.14947085735699495,0.17367202717845343,False,False
s2v2_0041,MODERATE,image_1,Bonds of the Web,"The image feels heavy and uncertain, and I have been worried and stressed with changing mood lately.",True,54,MODERATE,0,0,,22.967999731339326,-1.0,0.0,56.45654617415842,0.08355390194933116,4.624184156995287,11.090758022366632,0.09805296140469567,0.17433324671049788,0.0,0.09947401171588556,5.716794919028479,0.0,0.0,False,False
s2v2_0042,HIGH,image_1,Bonds of the Web,"I relate to fear and emotional pain here, and I feel powerless, defeated, and stuck every day.",True,100,HIGH,1,0,severe_hopelessness,10.223157976813187,-1.0,8.557014868766998,57.76582903149956,0.26504971458017196,0.46867384287651315,0.20027057115774097,10.841825689337453,0.0,0.3825548308332292,0.0,12.985844554569185,0.0890365763106386,0.13560424575244898,False,False
s2v2_0043,LOW,image_3,Ancestral Embrace,"I feel connected and calm when I look at this image, and I think things can improve with support.",True,33,LOW,0,0,,3.4198136270332307,0.2523306704662478,44.29909822514063,0.0,0.043447587229201515,0.0952078760194483,0.34657901517299494,0.0,0.21067347282388882,0.0,0.0,20.34634055294019,0.0,0.0879735784153006,False,False
s2v2_0044,MODERATE,image_3,Ancestral Embrace,"I see conflict in this picture, and I feel lonely sometimes though I am trying to cope and improve.",True,52,MODERATE,0,0,,25.0022737158855,-0.059498040014654335,6.268563523222025,19.199000178492472,0.035308819269008355,0.0831190814139529,0.012091143772868317,0.19027570599374588,0.04320379142401499,6.307642973637947,0.0,16.76863274211243,0.0,0.051635318480233616,False,False
s2v2_0045,HIGH,image_1,Bonds of the Web,"This image feels overwhelming and dark, and I feel hopeless, isolated, and unable to see any future.",True,54,MODERATE,0,1,moderate_hopelessness,19.010210745143727,-0.3322325910222747,0.0,25.78197137178504,0.08200875441998877,0.0,0.0,6.789888451416172,0.043727804221602155,7.055667302028645,0.0,3.9177988335070193,0.03448811663355071,0.9924231913791862,True,False
s2v2_0046,LOW,image_1,Bonds of the Web,"This picture reminds me of balance, and I can manage stress by talking with family and staying active.",True,26,LOW,0,0,,14.593183910606076,0.05514347593874312,11.869025242589398,10.571846364236656,0.0,0.0,4.81936291873375,0.0,0.0,0.0,5.5017948045229295,1.330283418763859,0.024015991099537393,0.10407438579931738,False,False
s2v2_0047,MODERATE,image_1,Bonds of the Web,"This scene feels tense, and I overthink the future, but I still hope to get better with help.",True,8,LOW,0,0,,14.280124777500145,0.47813933146135557,40.82700056551552,3.34166639399389,4.218740682809468,0.07089990187329441,5.878772111269955,0.12814533976877415,0.03869609237149771,0.06932714606070288,0.16905908392619778,13.604686329153953,0.022529485318682044,1.7816844120385553,True,False
s2v2_0048,HIGH,image_3,Ancestral Embrace,"I relate to fear and emotional pain here, and I feel powerless, defeated, and stuck every day.",True,100,HIGH,1,0,severe_hopelessness,20.54502916074861,-0.5115830768895435,6.521523592223557,65.94673034179263,0.0,7.516729910098295,0.0,7.249211327643549,0.0,0.1316906876800818,0.0,11.427689550499677,0.0,0.12978606381622898,False,False
s2v2_0049,LOW,image_1,Bonds of the Web,"This picture reminds me of balance, and I can manage stress by talking with family and staying active.",True,26,LOW,0,0,,20.591090304798502,-0.19765786717965378,20.746957893893725,14.800087092776671,0.04216388570758577,0.33684303845439934,7.358089307374212,0.07407782531899006,0.0,0.09908720171044248,4.803384238663526,5.743623369388528,0.02142161677995157,0.30634857522855463,False,False
s2v2_0050,MODERATE,image_1,Bonds of the Web,"The image feels heavy and uncertain, and I have been worried and stressed with changing mood lately.",True,54,MODERATE,0,0,,29.556203630282006,-0.6804186534033592,0.0007423345049705698,35.361139900715905,0.0,6.037455948217387,10.09276947998835,0.0,0.0,0.31710381802901677,0.16108571697206198,1.8148386762369944,0.018011388635645605,0.0436042184934683,False,False
s2v2_0051,HIGH,image_1,Bonds of the Web,"This image feels overwhelming and dark, and I feel hopeless, isolated, and unable to see any future.",True,54,MODERATE,0,1,moderate_hopelessness,12.256498618088205,-0.3529410280810691,0.01115199481361392,10.591346305656366,0.1479986108873182,0.23419519804272043,0.0,5.684935234267341,0.040728357853544665,6.034557821249608,0.1345299838829864,5.078943477538206,0.06359725095745154,1.0088592170869501,True,False
s2v2_0052,LOW,image_2,Shattered Ascent,I notice hopeful elements in this image and I am planning small goals for the next few months.,True,8,LOW,0,0,,18.685080511738878,-0.049649002765992045,9.997190734854712,0.17185148931531696,4.619755475205225,0.007893254385554167,0.0,0.02486806086464887,0.046557697553608515,0.0,0.0,10.341741737168654,0.06128215236155207,2.126827450219701,True,False
s2v2_0053,MODERATE,image_3,Ancestral Embrace,"This scene feels tense, and I overthink the future, but I still hope to get better with help.",True,8,LOW,0,0,,16.658208721379975,0.9267620668409983,41.224953146046694,1.1761004910887733,5.634059529900849,0.11168646903902522,9.541563439650105,0.0,0.0,0.0,0.04926044174840805,13.975319974266437,0.10447915516206728,1.7324891669371643,True,False
s2v2_0054,HIGH,image_2,Shattered Ascent,"This image feels overwhelming and dark, and I feel hopeless, isolated, and unable to see any future.",True,54,MODERATE,0,1,moderate_hopelessness,12.25062731825751,-0.37092723219744744,0.058392879085513855,29.273159134290466,0.02945330221565149,0.0,0.0,4.138415449215254,0.027021117551886575,5.187064876319271,0.0,5.692129248545478,0.0,0.991716985614538,True,False
s2v2_0055,LOW,image_2,Shattered Ascent,"This picture reminds me of balance, and I can manage stress by talking with family and staying active.",True,26,LOW,0,0,,24.073857164818172,0.08667394572552271,11.495408051312332,16.04427463439292,0.044451859186001016,0.0,6.265546753426526,0.0662167930534661,0.0,0.0014636285784861475,3.7884430289191933,14.350911173496934,0.0,0.1381423394732792,False,False
s2v2_0056,MODERATE,image_1,Bonds of the Web,"The image feels heavy and uncertain, and I have been worried and stressed with changing mood lately.",True,54,MODERATE,0,0,,18.99112380320931,-0.4085749408736793,0.1537668264917662,30.985621772206503,0.0,6.150741185369228,12.76696067433069,0.020674177897703302,0.037097738964080584,0.06062985099588697,0.15271343366965684,6.627043887357976,0.0,0.0,False,False
s2v2_0057,HIGH,image_3,Ancestral Embrace,"This image feels overwhelming and dark, and I feel hopeless, isolated, and unable to see any future.",True,54,MODERATE,0,1,moderate_hopelessness,18.208788050698736,-0.714647114601275,0.12215892472638884,35.264175319600454,0.0,0.0,0.01291905864906961,3.7304565501067373,0.3550649733125851,5.160557818573896,0.0,6.341275072808581,0.2585915752464918,0.9054757966386993,True,False
s2v2_0058,LOW,image_2,Shattered Ascent,I notice hopeful elements in this image and I am planning small goals for the next few months.,True,8,LOW,0,0,,13.027341253531912,0.8201088514033956,13.43094510726769,0.06865072698187569,4.590258215523666,0.0,0.006007447892797086,0.0,0.0,0.0,0.0792602941106224,7.43625092203172,0.0,0.6409294782974355,True,False
s2v2_0059,MODERATE,image_2,Shattered Ascent,"I see conflict in this picture, and I feel lonely sometimes though I am trying to cope and improve.",True,52,MODERATE,0,0,,25.29555834926693,0.024889574691866395,11.560803866950565,25.937095509138935,0.0,0.20451385056805882,0.019681940750987836,0.0,0.11967858793394968,6.0188629217340575,0.04478659584011847,17.38308081368751,0.1787843658796438,0.001256069067918586,False,False
s2v2_0060,HIGH,image_3,Ancestral Embrace,"I relate to fear and emotional pain here, and I feel powerless, defeated, and stuck every day.",True,100,HIGH,1,0,severe_hopelessness,21.255786384689817,-0.7127637399046709,5.84132364166894,60.166111228859286,0.0,7.148856122738238,0.09490713153704305,13.414936018011716,0.08061083021829492,0.0,0.34941652081299973,12.252982758528843,0.026856676171152366,0.0,False,False
s2v2_0061,LOW,image_1,Bonds of the Web,"This picture reminds me of balance, and I can manage stress by talking with family and staying active.",True,26,LOW,0,0,,10.972343769403713,0.6994925225984887,8.692708738247367,15.81321579539712,0.12327240346640772,0.0,3.8441766376699413,0.07657823524721316,0.08928069921821147,0.04497596834021616,4.89319770883467,9.250286292051756,0.26554618257061946,0.0,False,False
s2v2_0062,MODERATE,image_2,Shattered Ascent,"This scene feels tense, and I overthink the future, but I still hope to get better with help.",True,8,LOW,0,0,,13.582749385684867,0.8832870889368054,45.73489023845231,3.077389576662007,6.790425038406665,0.08062652888149235,6.199384323821607,0.0,0.1602290007119393,0.05908051850278612,0.03320193795968124,10.628983627848415,0.0,1.343259503113437,True,False
s2v2_0063,HIGH,image_2,Shattered Ascent,"This image feels overwhelming and dark, and I feel hopeless, isolated, and unable to see any future.",True,54,MODERATE,0,1,moderate_hopelessness,22.384999967466875,-0.4959265918036222,0.3346197478580245,26.060886028342168,0.0,0.020185869274170556,0.0,5.741751280252425,0.0536998153461722,5.438548852038561,0.0,5.6015381862559686,0.09840838779968226,0.778084695448043,True,False
s2v2_0064,LOW,image_2,Shattered Ascent,"This picture reminds me of balance, and I can manage stress by talking with family and staying active.",True,26,LOW,0,0,,18.25632784042455,0.5336118314750701,15.272467618610266,16.921611165578412,0.0,0.005035775728336161,7.760857612697531,0.12423130559935974,0.0,0.0,6.548320095022451,9.702833095622326,0.0,0.308523598460541,False,False
s2v2_0065,MODERATE,image_1,Bonds of the Web,"This scene feels tense, and I overthink the future, but I still hope to get better with help.",True,8,LOW,0,0,,14.079021265353939,0.8113384937327195,39.45344268075565,6.548801351582594,6.7146731254781535,0.18039363411960463,5.717684096407688,0.0,0.048451457581488805,0.08491134312180874,0.027446512978884854,8.435135452397505,0.07378257976430577,1.715191579827001,True,False
s2v2_0066,HIGH,image_3,Ancestral Embrace,"The picture feels empty and distressing, and I feel there is no point and no way out right now.",True,43,MODERATE,0,0,,9.66259505196978,-0.8974554912384379,0.12156010820186786,35.12702683328388,0.0,0.0,0.0,0.3228767849974424,0.027225707107463127,4.948311518919792,0.0,6.37773252100136,0.01969096453355962,0.34727125492044814,False,False
s2v2_0067,LOW,image_3,Ancestral Embrace,"This picture reminds me of balance, and I can manage stress by talking with family and staying active.",True,26,LOW,0,0,,19.062839980076586,-0.33217480960139156,15.287742579238515,12.052656547099797,0.011043562725434448,0.008405917717320216,8.620619588334256,0.0,0.0,0.0,4.608506633292464,10.940742865674515,0.06362077730496099,0.35821251771828944,False,False
s2v2_0068,MODERATE,image_2,Shattered Ascent,"The image feels heavy and uncertain, and I have been worried and stressed with changing mood lately.",True,54,MODERATE,0,0,,15.416127529302084,-0.8352330937954546,0.05306045938472397,13.867516027467335,0.4187221206116127,4.130486102580434,9.424424180898114,0.0,0.0,0.011794285549982986,0.0,7.958944406301821,0.0,0.0,False,False
s2v2_0069,HIGH,image_3,Ancestral Embrace,"I relate to fear and emotional pain here, and I feel powerless, defeated, and stuck every day.",True,100,HIGH,1,0,severe_hopelessness,17.04777690306072,-0.7204455634568444,6.5942237787460165,56.68651470446923,0.0,6.722960927806154,0.1160867350656252,13.506282647339155,0.0,0.0,0.007347466233314813,11.011553601876697,0.08419942759895978,0.0,False,False
s2v2_0070,LOW,image_2,Shattered Ascent,I notice hopeful elements in this image and I am planning small goals for the next few months.,True,8,LOW,0,0,,10.512398583644803,0.7605287231514617,17.0311988054692,0.05065779676173169,5.904982042207388,0.0,0.0,0.025785670222117408,0.0,0.0,0.07447344536149458,13.137776452961347,0.0,1.9602583293217093,True,False
s2v2_0071,MODERATE,image_3,Ancestral Embrace,"I see conflict in this picture, and I feel lonely sometimes though I am trying to cope and improve.",True,52,MODERATE,0,0,,17.680929924253544,-0.19851900686555346,11.147856232472858,22.454034894242714,0.0,0.0,0.034029045226777806,0.04171383606565768,0.038651683504178594,5.143951846962693,0.03863999761034845,16.38084673890953,0.08024295215008198,0.0,False,False
s2v2_0072,HIGH,image_3,Ancestral Embrace,"The picture feels empty and distressing, and I feel there is no point and no way out right now.",True,43,MODERATE,0,0,,17.442492641186195,-0.9766591708142813,0.022419458860531438,9.715594792421701,0.19854860559421872,0.16411426699155413,0.029545299478595743,0.0,0.22490079575138242,6.156407389404622,0.07578756808873269,6.723808887246106,0.3577544634045304,0.0,False,False
s2v2_0073,LOW,image_2,Shattered Ascent,I notice hopeful elements in this image and I am planning small goals for the next few months.,True,8,LOW,0,0,,19.572292711539024,0.3973426430615855,5.72909839390466,0.1246252146141491,6.63301980734926,0.0505436460423901,0.0,0.07499480479033042,0.0,0.014950324132853243,0.0,10.947204324004234,0.0,2.0538961638722517,True,False
s2v2_0074,MODERATE,image_2,Shattered Ascent,"The image feels heavy and uncertain, and I have been worried and stressed with changing mood lately.",True,54,MODERATE,0,0,,18.54426686139692,-1.0,0.07660197813128798,23.396037376319768,0.25899438374706807,6.997870963618274,12.83581132246061,0.0,0.17074577089122217,0.14351702888928194,0.05489683239713165,5.084115154821375,0.16389559014449515,0.016777500649379162,False,False
s2v2_0075,HIGH,image_3,Ancestral Embrace,"This image feels overwhelming and dark, and I feel hopeless, isolated, and unable to see any future.",True,54,MODERATE,0,1,moderate_hopelessness,20.871155399579816,-0.4632497593225319,0.2897149441318781,36.599158578410766,0.10813382443071756,0.1749405648571898,0.05830155935242735,4.818754314191876,0.0,1.1899895568949745,0.0010861046596214042,5.456320244915991,0.49441789066307373,0.858383372475197,True,False
s2v2_0076,LOW,image_2,Shattered Ascent,"This picture reminds me of balance, and I can manage stress by talking with family and staying active.",True,26,LOW,0,0,,14.622946123619002,-0.1752786441138782,14.896345202896537,16.33353968166303,0.24367282927992318,0.06174315984868195,6.441568399897741,0.0,0.036076717124527195,0.06346205787407512,0.689738578441468,12.634612314400668,0.21235341477593975,0.050923545131508687,False,False
s2v2_0077,MODERATE,image_3,Ancestral Embrace,"This scene feels tense, and I overthink the future, but I still hope to get better with help.",True,8,LOW,0,0,,14.742230560388819,-0.5305436416498688,51.87090541861887,5.6443222035388825,6.1968265926089465,0.0017364806932856566,5.2880868385821715,0.0,0.0,0.0,0.4210541715575338,9.148269104992641,0.05414600595498016,3.0286010163314425,True,False
s2v2_0078,HIGH,image_2,Shattered Ascent,"The picture feels empty and distressing, and I feel there is no point and no way out right now.",True,43,MODERATE,0,0,,27.597946004036125,-1.0,0.0,53.364022307794755,0.09577332632260102,0.3884292894861797,0.1348338605092495,0.23015976068194716,0.0,6.43419641621237,0.0,5.985060446578222,0.48551250330941953,0.12354472381708054,False,False
s2v2_0079,LOW,image_2,Shattered Ascent,"This picture reminds me of balance, and I can manage stress by talking with family and staying active.",True,26,LOW,0,0,,20.302200241279692,-0.07221708389989988,23.61391406457206,12.229792388431921,0.0,0.07961339437929554,6.19855730574446,0.007681181457605216,0.0,0.0,7.03432120693052,16.305897071507523,0.014982410512820203,0.08423846698676943,False,False
s2v2_0080,MODERATE,image_2,Shattered Ascent,"The image feels heavy and uncertain, and I have been worried and stressed with changing mood lately.",True,54,MODERATE,0,0,,23.48049067101766,-0.08776052931129241,0.09530883421902583,23.07045468767751,0.2686347116175924,7.523228179815417,13.203058888124287,0.08563931612557837,0.0,0.3315554532474849,0.055650453202469446,6.246962834764426,0.020070010990969812,0.05980836328081296,False,False
s2v2_0081,HIGH,image_2,Shattered Ascent,"This image feels overwhelming and dark, and I feel hopeless, isolated, and unable to see any future.",True,54,MODERATE,0,1,moderate_hopelessness,17.179224671917428,-0.05214091475049809,0.1599450878699265,34.45888365566898,0.0,0.21257611469343957,0.0,5.818787270802942,0.0243226973015081,4.740267741049953,0.01734776640812825,5.938768153490326,0.1534575019926038,1.0264842561030922,True,False
s2v2_0082,LOW,image_2,Shattered Ascent,"I feel connected and calm when I look at this image, and I think things can improve with support.",True,33,LOW,0,0,,14.09846887067524,1.0,29.125128608620372,0.0,0.0,0.14385244529882818,0.11122749292305584,0.0,0.0,0.12540747674087926,0.0,13.19365081076492,0.010185256385472477,0.0193609842860423,False,False
s2v2_0083,MODERATE,image_1,Bonds of the Web,"This scene feels tense, and I overthink the future, but I still hope to get better with help.",True,8,LOW,0,0,,17.160729936373937,1.0,39.06492783955557,5.4438064175250345,8.482957329106663,0.0010768626959014947,6.423934800281492,0.03417615171590151,0.0,0.17188785336518003,0.1381828399587076,14.43320211153529,0.0,1.39059327799895,True,False
s2v2_0084,HIGH,image_3,Ancestral Embrace,"The picture feels empty and distressing, and I feel there is no point and no way out right now.",True,43,MODERATE,0,0,,24.695150342289878,-0.6433298533393013,0.12244141630693609,49.965003655411614,0.04558758552549185,0.22080851874486265,0.28914135699969173,0.0,0.02538761797978042,4.473017931059638,0.487003039556826,5.71888763358392,0.20896637603003065,0.0,False,False
s2v2_0085,LOW,image_2,Shattered Ascent,"This picture reminds me of balance, and I can manage stress by talking with family and staying active.",True,26,LOW,0,0,,18.152512801627367,-0.014272550516047438,8.741357107981196,1.366326486493216,0.12379209351358544,0.0,5.755517526050935,0.39891167981004666,0.0,0.33035117488335036,5.020572131648045,13.227515590690711,0.0,0.019948622115364894,False,False
s2v2_0086,MODERATE,image_2,Shattered Ascent,"I see conflict in this picture, and I feel lonely sometimes though I am trying to cope and improve.",True,52,MODERATE,0,0,,34.483723380242694,-0.03444762265211415,4.300547234274172,36.23617473266389,0.0,0.005843831026592769,0.0,0.0,0.29832259112509263,4.611299669618642,0.0,14.937144049834039,0.0,0.08497369381845407,False,False
s2v2_0087,HIGH,image_1,Bonds of the Web,"I relate to fear and emotional pain here, and I feel powerless, defeated, and stuck every day.",True,100,HIGH,1,0,severe_hopelessness,16.27086730424048,-1.0,9.189279007592553,49.20080456608006,0.0,3.442106623754779,0.0,12.664402172077565,0.0,0.0,0.018040266099593933,8.944296444650277,0.022988485022945537,0.36249417002150974,False,False
s2v2_0088,LOW,image_2,Shattered Ascent,I notice hopeful elements in this image and I am planning small goals for the next few months.,True,8,LOW,0,0,,26.170768373094234,0.9812904319726379,29.734345437129882,0.09619748231880756,7.569060646786532,0.2307387705834114,0.17672403623271024,0.0,0.0,0.16135245238850504,0.028798029622104128,11.121114061118643,0.013167818363999257,2.0477081179886905,True,False
s2v2_0089,MODERATE,image_3,Ancestral Embrace,"This scene feels tense, and I overthink the future, but I still hope to get better with help.",True,8,LOW,0,0,,18.637176154434833,1.0,38.64876734191745,6.048471287753471,7.456230860000455,0.0,5.366483797235995,0.0,0.10677988371175773,0.0,0.12516137259353255,12.211589340988175,0.08489558728299461,2.076127019546892,True,False
s2v2_0090,HIGH,image_3,Ancestral Embrace,"I relate to fear and emotional pain here, and I feel powerless, defeated, and stuck every day.",True,100,HIGH,1,0,severe_hopelessness,14.042368903371221,-1.0,3.2474158719274238,59.47770476161276,0.39616669840934277,5.840200102317641,0.0,10.814352811336915,0.06130864598506394,0.0,0.08530958125392112,17.486297176703275,0.0,0.15685006737284987,False,False
s2v2_0091,LOW,image_3,Ancestral Embrace,"This picture reminds me of balance, and I can manage stress by talking with family and staying active.",True,26,LOW,0,0,,17.854207302882028,0.37457470962989037,2.9193248871139432,13.495027499276393,0.48335124584159256,0.021912506122596632,7.464792268105763,0.0,0.0,0.27728880485024,6.726186843669007,13.078258759211375,0.0,0.15550270487813614,False,False
s2v2_0092,MODERATE,image_3,Ancestral Embrace,"The image feels heavy and uncertain, and I have been worried and stressed with changing mood lately.",True,54,MODERATE,0,0,,13.703479869042448,-0.6417129888277133,0.13332840130148738,19.129381878645454,0.0340513909309738,6.626609043171799,8.084240630530495,0.41286980670682266,0.025738408512290447,0.32714946006321394,0.0,2.307541900475925,0.0,0.0,False,False
s2v2_0093,HIGH,image_3,Ancestral Embrace,"The picture feels empty and distressing, and I feel there is no point and no way out right now.",True,43,MODERATE,0,0,,11.461280955485783,-0.6429589929414896,0.26895203695492503,36.769018803766656,0.12283049135184598,0.25258899551325603,0.0,0.21901164540244317,0.22803782810962506,5.14770505564128,0.0,4.835503584263935,0.044759320762314286,0.0868511731054537,False,False
s2v2_0094,LOW,image_1,Bonds of the Web,"This picture reminds me of balance, and I can manage stress by talking with family and staying active.",True,26,LOW,0,0,,17.428846224348106,0.38621381703500346,8.188359490283819,13.274040324269729,0.0,0.0,3.557135358623294,0.08905947411698267,0.0,0.23572301646889984,5.609236601802038,12.403041128371004,0.0,0.07213866117454963,False,False
s2v2_0095,MODERATE,image_2,Shattered Ascent,"I see conflict in this picture, and I feel lonely sometimes though I am trying to cope and improve.",True,52,MODERATE,0,0,,15.308926327676522,-0.5633148435490873,12.54456192128955,13.088294225210387,0.0,0.23152894804262764,0.0,0.0,0.0,5.0190558074738565,0.0,15.236048935286336,0.029216412948006476,0.06184062821801072,False,False
s2v2_0096,HIGH,image_1,Bonds of the Web,"This image feels overwhelming and dark, and I feel hopeless, isolated, and unable to see any future.",True,54,MODERATE,0,1,moderate_hopelessness,16.583005259889433,-0.3109092823612183,0.09501207806111964,25.702119190373416,0.0,0.0,0.011823202985440678,5.919307609196616,0.0,4.272297969165716,0.1883456231900959,3.811903736004361,0.07887028001270568,0.9226825668407239,True,False
s2v2_0097,LOW,image_3,Ancestral Embrace,"This picture reminds me of balance, and I can manage stress by talking with family and staying active.",True,26,LOW,0,0,,9.641364766128607,-0.23815144628772333,8.018659198717858,6.726903785708982,0.0,0.0,9.187916594660443,0.2378385163377144,0.0,0.0,7.732715303953755,13.384867235934893,0.08860696219423997,0.15765174153665595,False,False
s2v2_0098,MODERATE,image_2,Shattered Ascent,"The image feels heavy and uncertain, and I have been worried and stressed with changing mood lately.",True,54,MODERATE,0,0,,22.88649163084792,0.5367296614398591,0.0,36.19787138779718,0.0,1.6829337070719268,11.417984080323366,0.0,0.022678092268097586,0.040113404110292857,0.0,6.6430652760900815,0.0,0.0,False,False
s2v2_0099,HIGH,image_2,Shattered Ascent,"The picture feels empty and distressing, and I feel there is no point and no way out right now.",True,43,MODERATE,0,0,,15.742902971720142,0.40334064892197197,0.03663490564533297,34.97204452370066,0.0,0.0,0.06853387426552436,0.0,0.03037781615552781,3.9324539148758193,0.03788497870299244,4.63576152200067,0.06939030755872898,0.1519594567414042,False,False
s2v2_0100,LOW,image_3,Ancestral Embrace,"I feel connected and calm when I look at this image, and I think things can improve with support.",True,33,LOW,0,0,,15.287671315830025,1.0,15.680247441385074,0.0,0.39407992047081497,0.10532929145237019,0.0,0.0,0.0,0.039394288993467357,0.07688183675874999,3.3986739024591803,0.0,0.0,False,False
s2v2_0101,MODERATE,image_3,Ancestral Embrace,"I see conflict in this picture, and I feel lonely sometimes though I am trying to cope and improve.",True,52,MODERATE,0,0,,16.187476619892486,-0.294136853848191,16.27319377971316,13.485653600338038,0.03514373285207469,0.0,0.17147110221578232,0.0,0.0,4.805039232467285,0.0,13.474313139878408,0.0,0.1107069121647965,False,False
s2v2_0102,HIGH,image_3,Ancestral Embrace,"This image feels overwhelming and dark, and I feel hopeless, isolated, and unable to see any future.",True,54,MODERATE,0,1,moderate_hopelessness,18.44150237197433,-0.3755073818585057,0.06534160768760575,30.771814614384134,0.07813029367325489,0.19907470993317286,0.0,5.9345008781675235,0.1103924467291787,5.888710849136907,0.06665832526929892,7.597443486413146,0.013082436738431458,1.134171645473787,True,False
s2v2_0103,LOW,image_3,Ancestral Embrace,"This picture reminds me of balance, and I can manage stress by talking with family and staying active.",True,26,LOW,0,0,,16.57197035004959,0.32716022473374456,12.084739179152713,12.352777190215837,0.1976789123147754,0.01017025323822902,5.8460011798308775,0.18724384273621952,0.4896135014477431,0.1840097324103831,5.001940866947498,9.151103083061061,0.0,0.07850390369643331,False,False
s2v2_0104,MODERATE,image_2,Shattered Ascent,"This scene feels tense, and I overthink the future, but I still hope to get better with help.",True,8,LOW,0,0,,8.73672433863686,1.0,21.301053769218594,7.191373582904181,9.069640448461476,0.1536493762573804,5.488148036430068,0.0,0.05056990790102254,0.0,0.05972144005606625,10.598356746906813,0.0,1.9587165118594685,True,False
s2v2_0105,HIGH,image_2,Shattered Ascent,"I relate to fear and emotional pain here, and I feel powerless, defeated, and stuck every day.",True,100,HIGH,1,0,severe_hopelessness,15.770868458538324,-1.0,4.423524076267686,68.77414769262793,0.07263342691726853,6.920347884657738,0.07367816840839524,11.267532447095656,0.035385286788005225,0.0,0.0,9.066332324519006,0.0,0.06976583979780139,False,False
s2v2_0106,LOW,image_1,Bonds of the Web,"I feel connected and calm when I look at this image, and I think things can improve with support.",True,33,LOW,0,0,,20.0329743489071,0.2936439339430865,15.94063670740011,0.03032213539968917,0.44472141236901774,0.10640885268188971,0.3767700035326335,0.05353215727011748,0.13631843619845893,0.3506115220339852,0.36604572970137494,20.194902183915993,0.35029144509207916,0.12344513200742735,False,False
s2v2_0107,MODERATE,image_1,Bonds of the Web,"This scene feels tense, and I overthink the future, but I still hope to get better with help.",True,8,LOW,0,0,,12.057275716443986,1.0,25.73482088899214,6.042747752344392,6.404464982954169,0.0,7.16137871199074,0.0,0.12635361177699495,0.0,0.12271808241500669,11.576573717192018,0.032310576932030675,1.9638714401119617,True,False
s2v2_0108,HIGH,image_1,Bonds of the Web,"I relate to fear and emotional pain here, and I feel powerless, defeated, and stuck every day.",True,100,HIGH,1,0,severe_hopelessness,12.957167193670301,-0.8158827967411657,4.749490387576076,37.943400525902206,0.0,6.537810423732615,0.11618779845408306,7.302089981022054,0.0,0.0,0.0,16.231044312942736,0.01860899491666213,0.3896786079263777,False,False
s2v2_0109,LOW,image_3,Ancestral Embrace,I notice hopeful elements in this image and I am planning small goals for the next few months.,True,8,LOW,0,0,,25.672052825583545,0.7033490821353394,24.537525930438328,0.0,6.206554983712362,0.0959903721914821,0.0,0.259545089110057,0.10946407984770874,0.0,0.0,11.495149844860451,0.2984105274950667,2.3237834202523664,True,False
s2v2_0110,MODERATE,image_2,Shattered Ascent,"The image feels heavy and uncertain, and I have been worried and stressed with changing mood lately.",True,54,MODERATE,0,0,,24.63039175856129,-1.0,0.030565468104859363,31.645639356274724,0.0,5.6758167608876775,16.936495750691257,0.0,0.0,0.18926564697117565,0.0036797647905782746,5.966627248125911,0.0,0.0,False,False
s2v2_0111,HIGH,image_3,Ancestral Embrace,"This image feels overwhelming and dark, and I feel hopeless, isolated, and unable to see any future.",True,54,MODERATE,0,1,moderate_hopelessness,12.585237340050265,-0.5630241571900042,0.10701952604519527,36.39036974210074,0.1288717737723086,0.0,0.2530780236630642,6.634584759667933,0.03138532865010705,5.59523664472181,0.06354543380474231,7.938228864286744,0.0,0.7109182112201238,True,False
s2v2_0112,LOW,image_2,Shattered Ascent,"I feel connected and calm when I look at this image, and I think things can improve with support.",True,33,LOW,0,0,,25.861552895924945,0.9142172348716713,28.206986846686483,0.0,0.0,0.05342385558737729,0.0,0.047841749658677796,0.034456862954238617,0.0,0.0,3.0223584219658934,0.033169281837664155,0.15366730397735,False,False
s2v2_0113,MODERATE,image_1,Bonds of the Web,"The image feels heavy and uncertain, and I have been worried and stressed with changing mood lately.",True,54,MODERATE,0,0,,29.751786078939627,-0.42547807527049053,0.0,29.21373518820795,0.0,7.662618017338371,10.887987577570625,0.43037164392486454,0.0,0.11596167556695447,0.0,5.910426153818927,0.007993807129625717,0.20165345083609185,False,False
s2v2_0114,HIGH,image_1,Bonds of the Web,"This image feels overwhelming and dark, and I feel hopeless, isolated, and unable to see any future.",True,54,MODERATE,0,1,moderate_hopelessness,8.644833118846515,-0.011212995073691334,0.0,19.995426565421035,0.004305067836592128,6.107989573481673e-05,0.008216423011422102,3.3174614574029775,0.05458980940769828,7.524333438716598,0.0,5.624926931231145,0.0,1.1454090847139569,True,False
s2v2_0115,LOW,image_1,Bonds of the Web,"I feel connected and calm when I look at this image, and I think things can improve with support.",True,33,LOW,0,0,,17.112717052217082,0.9879585310121249,32.03104933752491,0.08867907946172975,0.04300310470881788,0.010385217304838441,0.1704781796622828,0.0,0.025580400653118226,0.0920203715696634,0.0,22.12868034040881,0.0214316256196846,0.0,False,False
s2v2_0116,MODERATE,image_2,Shattered Ascent,"I see conflict in this picture, and I feel lonely sometimes though I am trying to cope and improve.",True,52,MODERATE,0,0,,17.537229409157288,-0.17968666309317005,15.290054078677262,21.088706371065424,0.0,0.0,0.44520972182592794,0.0,0.0,2.265691327713156,0.05744006218912532,17.58060027850229,0.0,0.0,False,False
s2v2_0117,HIGH,image_2,Shattered Ascent,"This image feels overwhelming and dark, and I feel hopeless, isolated, and unable to see any future.",True,54,MODERATE,0,1,moderate_hopelessness,14.06666552956817,0.2326089302546448,0.0,23.39585758865623,0.1412310426107774,0.0,0.04671033363912393,5.175965279379959,0.0,6.579283295190378,0.0,11.36997872527411,0.0,0.6673847590135873,True,False
s2v2_0118,LOW,image_1,Bonds of the Web,"This picture reminds me of balance, and I can manage stress by talking with family and staying active.",True,26,LOW,0,0,,18.797259273799604,0.07560786020189399,12.067297940877381,7.173283765149423,0.1860932445006387,0.047940335576881966,6.342560078916653,0.005658115638732309,0.0,0.0,3.8592785512848575,12.592066852035728,0.08478624793317704,0.15299535409782758,False,False
s2v2_0119,MODERATE,image_2,Shattered Ascent,"This scene feels tense, and I overthink the future, but I still hope to get better with help.",True,8,LOW,0,0,,19.664870350252663,1.0,27.952923978187677,3.1111318917343103,7.945136206808463,0.03778787938631149,9.517925703539278,0.08027234755552443,0.0,0.0,0.0,9.13567742238433,0.0,2.1041234870850083,True,False
s2v2_0120,HIGH,image_2,Shattered Ascent,"I relate to fear and emotional pain here, and I feel powerless, defeated, and stuck every day.",True,100,HIGH,1,0,severe_hopelessness,18.061994881753606,-1.0,7.0307670561420705,65.00010205126587,0.0896229120709411,4.520314471846298,0.006578242596051682,19.585429276602127,0.02234557284364963,0.0,0.05469660792010011,12.228754390004152,0.12268856826410518,0.08847533209448324,False,False
s2v2_0121,LOW,image_1,Bonds of the Web,"I feel connected and calm when I look at this image, and I think things can improve with support.",True,33,LOW,0,0,,11.538752333675518,0.943770972929248,42.6745933116711,0.0,0.027320906218139332,0.014737865180057395,0.0,0.0,0.12492781304874541,0.3014289316874041,0.0,19.075110254632776,0.0,0.17562476339824432,False,False
s2v2_0122,MODERATE,image_3,Ancestral Embrace,"This scene feels tense, and I overthink the future, but I still hope to get better with help.",True,8,LOW,0,0,,16.66929044988396,0.7006902357180227,21.09695028807869,5.979138235796881,5.821593586806076,0.0,7.201017820453542,0.43570533427415126,0.035616876342357606,0.0901755795885163,0.1776983650623909,7.576993166337203,0.37420077076960073,2.105945416099137,True,False
s2v2_0123,HIGH,image_2,Shattered Ascent,"This image feels overwhelming and dark, and I feel hopeless, isolated, and unable to see any future.",True,54,MODERATE,0,1,moderate_hopelessness,17.912141894628835,-0.9672348927724088,0.12057570748114198,25.384979880461568,0.0,0.15246818989055924,0.0,5.616020463393408,0.11456642952876557,6.151362995543128,0.2823696706952309,0.9277720240241816,0.0,0.06647549468510183,True,False
s2v2_0124,LOW,image_1,Bonds of the Web,I notice hopeful elements in this image and I am planning small goals for the next few months.,True,8,LOW,0,0,,28.06964355720757,1.0,21.979111035600546,0.0,5.334510541807701,0.15799495283821324,0.11086169255891194,0.030638341210859222,0.10088315769200029,0.0,0.0,9.2949605944147,0.039464625603485376,1.716316729600971,True,False
s2v2_0125,MODERATE,image_3,Ancestral Embrace,"I see conflict in this picture, and I feel lonely sometimes though I am trying to cope and improve.",True,52,MODERATE,0,0,,22.184089849809737,-0.5460144909978485,7.082284969128836,22.730452616533903,0.0,0.05508894677877432,0.01797430160157152,0.0,0.0,6.404920007965969,0.0,12.16960224030321,0.1243795223720164,0.0,False,False
s2v2_0126,HIGH,image_2,Shattered Ascent,"The picture feels empty and distressing, and I feel there is no point and no way out right now.",True,43,MODERATE,0,0,,25.374558821161024,-0.9253403888016454,0.05391526187680923,32.41108850773138,0.0,0.12076326579666999,0.025043414827887453,0.0,0.04627077011592822,6.552125620197261,0.08030106704590437,5.3881970339908385,0.20031573229468613,0.0,False,False
s2v2_0127,LOW,image_3,Ancestral Embrace,I notice hopeful elements in this image and I am planning small goals for the next few months.,True,8,LOW,0,0,,19.81220486729789,0.6158694073169683,21.153452170957596,0.4653035392470207,6.047167310646392,0.48949163470245144,0.07958004751362215,0.05447426575663261,0.0,0.19524526140655402,0.3395791776721248,17.345230478545254,0.0,1.8736359298501877,True,False
s2v2_0128,MODERATE,image_3,Ancestral Embrace,"I see conflict in this picture, and I feel lonely sometimes though I am trying to cope and improve.",True,52,MODERATE,0,0,,22.616516158722707,-0.6754809244604115,13.699560185696715,20.20904881566289,0.0,0.0,0.25418387511780444,0.0,0.28868157497157393,4.025841412375745,0.0,21.23709354571349,0.05860276452098287,0.09670935010216314,False,False
s2v2_0129,HIGH,image_2,Shattered Ascent,"This image feels overwhelming and dark, and I feel hopeless, isolated, and unable to see any future.",True,54,MODERATE,0,1,moderate_hopelessness,12.856344755519526,-0.39509713819192344,0.0,42.33003378681361,0.0,0.04897049842104045,0.3042864925345095,2.7326209254585474,0.0,6.232059094572301,0.25555308527271753,6.163654860163138,0.0,0.596781204813633,True,False
s2v2_0130,LOW,image_3,Ancestral Embrace,"I feel connected and calm when I look at this image, and I think things can improve with support.",True,33,LOW,0,0,,28.52512959327599,0.8174945167690824,51.92879712999081,0.1659202541557835,0.13253568570604055,0.0,0.0,0.31052071282433946,0.007107420721441377,0.4104315778820031,0.0,12.921910071353965,0.029027678647309207,0.06148147938905635,False,False
s2v2_0131,MODERATE,image_3,Ancestral Embrace,"This scene feels tense, and I overthink the future, but I still hope to get better with help.",True,8,LOW,0,0,,24.719958596778763,0.9953474035413912,38.018082845015115,8.069931607771514,3.6300120449563735,0.023866576540150966,5.907971539105733,0.05101067814522991,0.15402749735335802,0.013183842753416686,0.0,13.61475212795061,0.02303351054653266,1.6888723037795113,True,False
s2v2_0132,HIGH,image_3,Ancestral Embrace,"This image feels overwhelming and dark, and I feel hopeless, isolated, and unable to see any future.",True,54,MODERATE,0,1,moderate_hopelessness,24.593666072879984,-0.6870331000289237,0.0,34.280349889343086,0.0,0.06000638391796555,0.0,7.077769783812221,0.04677610308976978,6.321345477897068,0.0,5.29547570598007,0.014527123729265103,0.7237626210194054,True,False
s2v2_0133,LOW,image_1,Bonds of the Web,"I feel connected and calm when I look at this image, and I think things can improve with support.",True,33,LOW,0,0,,21.497773071576155,-0.6862763347474412,22.06958635580294,0.0,0.037712546131894724,0.0,0.15755192833721174,0.0,0.0,0.25540152348821166,0.0,16.866983501094747,0.0,0.0,False,False
s2v2_0134,MODERATE,image_1,Bonds of the Web,"This scene feels tense, and I overthink the future, but I still hope to get better with help.",True,8,LOW,0,0,,18.68973335231517,0.7005325798759681,18.394988996144644,8.728552063505518,3.5362509400053606,0.02309493545909609,7.425776488027738,0.010725421428160964,0.06365679437111603,0.0,0.28596455393702047,13.591606629132306,0.0,3.9868314401828537,True,False
s2v2_0135,HIGH,image_2,Shattered Ascent,"The picture feels empty and distressing, and I feel there is no point and no way out right now.",True,43,MODERATE,0,0,,14.368115645868805,-1.0,0.0,28.23699499840846,0.0,0.0,0.21574452936548766,0.1465145379935248,0.0,4.619195800266324,0.06347575139607732,8.627466369973728,0.0,0.10982871054813026,False,False
s2v2_0136,LOW,image_2,Shattered Ascent,I notice hopeful elements in this image and I am planning small goals for the next few months.,True,8,LOW,0,0,,17.23250768961127,0.11576746230407503,11.3944010509051,0.47248571203257944,8.651917582505913,0.0,0.36733507779368446,0.0,0.16209113211297133,0.0,0.0,14.161116915760845,0.0,0.06613503316804303,True,False
s2v2_0137,MODERATE,image_2,Shattered Ascent,"This scene feels tense, and I overthink the future, but I still hope to get better with help.",True,8,LOW,0,0,,23.559175281976678,0.5720070670997626,13.044366526758962,6.576437936057018,8.070805579672642,0.06918464055826982,5.383067404620076,0.0,0.0,0.12317818193923838,0.0,10.47083319951723,0.0,1.85186112550982,True,False
s2v2_0138,HIGH,image_2,Shattered Ascent,"I relate to fear and emotional pain here, and I feel powerless, defeated, and stuck every day.",True,100,HIGH,1,0,severe_hopelessness,22.47632604006524,-1.0,6.624460961713773,40.058832799198086,0.0,6.225917182703014,0.3044832803984422,13.07437106368617,0.18851680213558186,0.028776051792934146,0.0,9.998794118177987,0.08032940855974147,0.0,False,False
s2v2_0139,LOW,image_3,Ancestral Embrace,I notice hopeful elements in this image and I am planning small goals for the next few months.,True,8,LOW,0,0,,30.61021763867938,0.09010708743036366,17.009314601918625,0.08932909572724054,5.848187512502353,0.0,0.0,0.4094379901716836,0.0,0.37762965186979947,0.2783914741617423,12.392380360529407,0.054821249841811304,1.892675798149731,True,False
s2v2_0140,MODERATE,image_2,Shattered Ascent,"I see conflict in this picture, and I feel lonely sometimes though I am trying to cope and improve.",True,52,MODERATE,0,0,,29.190611060876634,0.2811767247827289,20.896888834676826,31.90436881823949,0.00044383733541691894,0.042617829443325636,0.1789673524017426,0.4688200037568322,0.3781773695538254,5.013492382503515,0.0,16.77249458504805,0.11189293517579744,0.0,False,False
s2v2_0141,HIGH,image_1,Bonds of the Web,"This image feels overwhelming and dark, and I feel hopeless, isolated, and unable to see any future.",True,54,MODERATE,0,1,moderate_hopelessness,12.983464905892868,-0.48767488253504043,0.3996938726234651,2.5779245064307794,0.0,0.0,0.05804445985868134,6.444581339318119,0.025336451552074542,3.8763486648817485,0.33484068895077873,0.547712108938428,0.23430700267049276,0.8674682395323441,True,False
s2v2_0142,LOW,image_2,Shattered Ascent,"This picture reminds me of balance, and I can manage stress by talking with family and staying active.",True,26,LOW,0,0,,22.576866472170032,-0.0340638295100274,3.434056935649629,12.212115874659414,0.0012569926837341398,0.0,5.832493578083166,0.0,0.08139444196197895,0.0,7.2996285304506605,9.23462891942954,0.13602823632244837,0.0,False,False
s2v2_0143,MODERATE,image_3,Ancestral Embrace,"This scene feels tense, and I overthink the future, but I still hope to get better with help.",True,8,LOW,0,0,,23.594991395616148,1.0,28.835508877369733,5.318015596853548,5.35199540111605,0.0,5.557845901364093,0.0,0.0,0.14596079714271865,0.0,10.579624028110693,0.0841180267252909,1.097823250388986,True,False
s2v2_0144,HIGH,image_3,Ancestral Embrace,"This image feels overwhelming and dark, and I feel hopeless, isolated, and unable to see any future.",True,54,MODERATE,0,1,moderate_hopelessness,19.467641663575854,-0.48788544904877396,0.062024057113818434,29.914502427135105,0.0,0.02242911029033479,0.0,6.519767629439467,0.0,4.922159385542634,0.09967012167898262,7.244482932413998,0.0,0.5236460440893271,True,False
s2v2_0145,LOW,image_3,Ancestral Embrace,"This picture reminds me of balance, and I can manage stress by talking with family and staying active.",True,26,LOW,0,0,,21.063754381458413,-0.31976991997995663,6.422728510969003,11.864253045287484,0.0,0.0,5.466177027538431,0.0,0.0,0.06914465321097024,5.6117538146723875,8.519174738634643,0.0,0.0,False,False
s2v2_0146,MODERATE,image_2,Shattered Ascent,"I see conflict in this picture, and I feel lonely sometimes though I am trying to cope and improve.",True,52,MODERATE,0,0,,20.260951568061238,-0.3535263256086319,8.043422120870417,23.67585788054995,0.0,0.019894150445736097,0.24384664669465003,0.0,0.12510327279625016,3.3278167138316705,0.06733255010668308,16.30485080160606,0.06901854713711336,0.39811973725550875,False,False
s2v2_0147,HIGH,image_2,Shattered Ascent,"This image feels overwhelming and dark, and I feel hopeless, isolated, and unable to see any future.",True,54,MODERATE,0,1,moderate_hopelessness,16.374565154993665,-0.08951530787430428,0.022942624866502864,19.784914072827085,0.0,0.11240383824352368,0.0,8.507235774686619,0.09232882092368316,5.7821899467068345,0.0,6.553827596132221,0.0,0.9908200475806263,True,False
s2v2_0148,LOW,image_1,Bonds of the Web,I notice hopeful elements in this image and I am planning small goals for the next few months.,True,8,LOW,0,0,,19.293016007803967,0.9011992546490866,13.840185996214279,0.0,7.238598826446844,0.0,0.15071015394749224,0.0,0.355975016302123,0.0,0.0639419395300889,5.3818673052392665,0.0,3.0912570851538113,True,False
s2v2_0149,MODERATE,image_3,Ancestral Embrace,"The image feels heavy and uncertain, and I have been worried and stressed with changing mood lately.",True,54,MODERATE,0,0,,13.46437407039923,-0.9689195070140209,0.2186207776446253,34.94049491219177,0.0,10.627073058907381,12.459645326933376,0.02587183528045008,0.0,0.18308680188389553,0.0,8.078509865365485,0.011982188392108106,0.0,False,False
s2v2_0150,HIGH,image_2,Shattered Ascent,"This image feels overwhelming and dark, and I feel hopeless, isolated, and unable to see any future.",True,54,MODERATE,0,1,moderate_hopelessness,5.760703663947902,-0.7479444015509272,0.004082691486387764,6.502105286486575,0.12382085373696086,0.0,0.0,3.7087131515638214,0.019621321790158606,6.386539774243664,0.0,3.209465934202268,0.012900941149106615,1.2720031159295366,True,False
